{"cameraMode":{"drawMode":0,"name":"Shaded","section":"Shading Mode"},"sceneLighting":true,"audioPlay":false,"sceneViewState":{"showFog":true,"showMaterialUpdate":false,"showSkybox":true,"showFlares":true,"showImageEffects":true,"showParticleSystems":true},"in2DMode":false,"pivot":{"x":0.8103009462356567,"y":0.19641327857971192,"z":0.44160008430480959},"rotation":{"x":-0.7324526906013489,"y":-0.01895838789641857,"z":0.02047218382358551,"w":-0.6802847981452942},"size":20.82309913635254,"orthographic":false}